{"name":"208b7a75-8d86-4e42-bb61-8db435860e36","id":"/providers/Microsoft.Flow/flows/208b7a75-8d86-4e42-bb61-8db435860e36","type":"Microsoft.Flow/flows","properties":{"apiId":"/providers/Microsoft.PowerApps/apis/shared_logicflows","displayName":"Save Email Addresses to SharePoint","definition":{"metadata":{"workflowEntityId":null,"processAdvisorMetadata":null,"flowChargedByPaygo":null,"flowclientsuspensionreason":"None","flowclientsuspensiontime":null,"flowclientsuspensionreasondetails":null,"creator":{"id":"ff990f46-dfa7-4703-b601-2bff080e42cc","type":"User","tenantId":"073b12b7-bac3-4b12-b2ac-de43ea9cd3f6"},"provisioningMethod":"FromDefinition","failureAlertSubscription":true,"clientLastModifiedTime":"2025-01-15T05:50:50.1576925Z","connectionKeySavedTimeKey":"2025-01-15T05:50:50.1576925Z"},"$schema":"https://schema.management.azure.com/providers/Microsoft.Logic/schemas/2016-06-01/workflowdefinition.json#","contentVersion":"1.0.0.0","parameters":{"$connections":{"defaultValue":{},"type":"Object"},"$authentication":{"defaultValue":{},"type":"SecureObject"}},"triggers":{"When_a_new_email_arrives_(V3)":{"splitOn":"@triggerOutputs()?['body/value']","metadata":{"operationMetadataId":"d73386c6-a3fa-45f3-b659-ffd754832012"},"type":"OpenApiConnectionNotification","inputs":{"host":{"apiId":"/providers/Microsoft.PowerApps/apis/shared_office365","connectionName":"shared_office365","operationId":"OnNewEmailV3"},"parameters":{"folderPath":"Inbox","includeAttachments":false,"importance":"Any","fetchOnlyWithAttachment":false},"authentication":"@parameters('$authentication')"}}},"actions":{"List_rows_present_in_a_table":{"runAfter":{},"metadata":{"01JOJNFRXWYQAB7FKPDFHLXEJMN2ICUYNO":"/blog post/Contact.xlsx","operationMetadataId":"4f33f46b-0e3c-4cf0-ba9d-7ba938fe5960","tableId":"{BC0BC90C-D519-4336-A42E-B861EE59A925}","01UNKVQV3KBK5UW6K6FRCZILVW3I5TAUGG":"/Contact.xlsx"},"type":"OpenApiConnection","inputs":{"host":{"apiId":"/providers/Microsoft.PowerApps/apis/shared_excelonlinebusiness","connectionName":"shared_excelonlinebusiness","operationId":"GetItems"},"parameters":{"source":"sites/racheldevtech.sharepoint.com,b1a0086a-ffe6-43c1-8695-87d0cf716034,dd1f2fa0-951d-4943-b3fe-2f002b14cb8c","drive":"b!agigseb_wUOGlYfQz3FgNKAvH90dlUNJs_4vACsUy4xrLijWjU-fQZVIRo7d_R1d","file":"01UNKVQV3KBK5UW6K6FRCZILVW3I5TAUGG","table":"{BC0BC90C-D519-4336-A42E-B861EE59A925}"},"authentication":"@parameters('$authentication')"}},"Filter_array":{"runAfter":{"List_rows_present_in_a_table":["Succeeded"]},"metadata":{"operationMetadataId":"cf72ebea-fa6b-4853-b4a9-9d31932f6f08"},"type":"Query","inputs":{"from":"@outputs('List_rows_present_in_a_table')?['body/value']","where":"@equals(item()?['Email Addresses'], triggerOutputs()?['body/from'])"}},"Condition":{"actions":{},"runAfter":{"Filter_array":["Succeeded"]},"else":{"actions":{"Add_a_row_into_a_table":{"runAfter":{},"metadata":{"01JOJNFRXWYQAB7FKPDFHLXEJMN2ICUYNO":"/blog post/Contact.xlsx","operationMetadataId":"ba078b27-81ca-4415-aa39-2f5027920277","tableId":"{BC0BC90C-D519-4336-A42E-B861EE59A925}","01UNKVQV3KBK5UW6K6FRCZILVW3I5TAUGG":"/Contact.xlsx"},"type":"OpenApiConnection","inputs":{"host":{"apiId":"/providers/Microsoft.PowerApps/apis/shared_excelonlinebusiness","connectionName":"shared_excelonlinebusiness","operationId":"AddRowV2"},"parameters":{"source":"sites/racheldevtech.sharepoint.com,b1a0086a-ffe6-43c1-8695-87d0cf716034,dd1f2fa0-951d-4943-b3fe-2f002b14cb8c","drive":"b!agigseb_wUOGlYfQz3FgNKAvH90dlUNJs_4vACsUy4xrLijWjU-fQZVIRo7d_R1d","file":"01UNKVQV3KBK5UW6K6FRCZILVW3I5TAUGG","table":"{BC0BC90C-D519-4336-A42E-B861EE59A925}","item/Email Addresses":"@triggerOutputs()?['body/from']"},"authentication":"@parameters('$authentication')"}}}},"expression":{"greater":["@length(triggerOutputs()?['body/from'])",0]},"metadata":{"operationMetadataId":"3d5cf7dd-6166-45cf-824f-f047eadf409d"},"type":"If"}},"outputs":{}},"connectionReferences":{"shared_excelonlinebusiness":{"connectionName":"shared-excelonlinebu-0068954a-080c-43e3-b959-2fe9c83ab47c","source":"Embedded","id":"/providers/Microsoft.PowerApps/apis/shared_excelonlinebusiness","tier":"NotSpecified","apiName":"excelonlinebusiness"},"shared_office365":{"connectionName":"9afb15447c9f4bc397a03cef8a97e22e","source":"Embedded","id":"/providers/Microsoft.PowerApps/apis/shared_office365","tier":"NotSpecified","apiName":"office365"}},"flowFailureAlertSubscribed":false,"isManaged":false}}