{"name":"9f33fe37-57d4-4387-96de-4cfddc497be0","id":"/providers/Microsoft.Flow/flows/9f33fe37-57d4-4387-96de-4cfddc497be0","type":"Microsoft.Flow/flows","properties":{"apiId":"/providers/Microsoft.PowerApps/apis/shared_logicflows","displayName":"Save Email Addresses to OneDrive ","definition":{"metadata":{"workflowEntityId":null,"processAdvisorMetadata":null,"flowChargedByPaygo":null,"flowclientsuspensionreason":"None","flowclientsuspensiontime":null,"flowclientsuspensionreasondetails":null,"creator":{"id":"ff990f46-dfa7-4703-b601-2bff080e42cc","type":"User","tenantId":"073b12b7-bac3-4b12-b2ac-de43ea9cd3f6"},"provisioningMethod":"FromDefinition","failureAlertSubscription":true,"clientLastModifiedTime":"2025-01-14T17:45:24.5820099Z","connectionKeySavedTimeKey":"2025-01-14T17:45:24.5820099Z"},"$schema":"https://schema.management.azure.com/providers/Microsoft.Logic/schemas/2016-06-01/workflowdefinition.json#","contentVersion":"1.0.0.0","parameters":{"$connections":{"defaultValue":{},"type":"Object"},"$authentication":{"defaultValue":{},"type":"SecureObject"}},"triggers":{"When_a_new_email_arrives_(V3)":{"splitOn":"@triggerOutputs()?['body/value']","metadata":{"operationMetadataId":"361756f9-d602-40ba-bfa0-00413a25868d"},"type":"OpenApiConnectionNotification","inputs":{"host":{"apiId":"/providers/Microsoft.PowerApps/apis/shared_office365","connectionName":"shared_office365_1","operationId":"OnNewEmailV3"},"parameters":{"folderPath":"Inbox","includeAttachments":false,"importance":"Any","fetchOnlyWithAttachment":false},"authentication":"@parameters('$authentication')"}}},"actions":{"List_rows_present_in_a_table":{"runAfter":{},"metadata":{"01JOJNFRXWYQAB7FKPDFHLXEJMN2ICUYNO":"/blog post/Contact.xlsx","operationMetadataId":"fc7885c9-e78a-499b-9d57-43a6409bb032"},"type":"OpenApiConnection","inputs":{"host":{"apiId":"/providers/Microsoft.PowerApps/apis/shared_excelonlinebusiness","connectionName":"shared_excelonlinebusiness","operationId":"GetItems"},"parameters":{"source":"me","drive":"b!kiYlAJ6iGkWy2mhzPddn3rROhT3EhihLvDQD5gRVqb356kLpWqKkQ5yCqhlUskEX","file":"01JOJNFRXWYQAB7FKPDFHLXEJMN2ICUYNO","table":"{BC0BC90C-D519-4336-A42E-B861EE59A925}"},"authentication":"@parameters('$authentication')"}},"Filter_array":{"runAfter":{"List_rows_present_in_a_table":["Succeeded"]},"metadata":{"operationMetadataId":"8f329b04-76d7-4d19-a05b-ad0ee3fef3de"},"type":"Query","inputs":{"from":"@outputs('List_rows_present_in_a_table')?['body/value']","where":"@equals(item()?['Email Addresses'], triggerOutputs()?['body/from'])"}},"Condition":{"actions":{"Add_a_row_into_a_table":{"runAfter":{},"metadata":{"01JOJNFRXWYQAB7FKPDFHLXEJMN2ICUYNO":"/blog post/Contact.xlsx","operationMetadataId":"ba078b27-81ca-4415-aa39-2f5027920277","tableId":"{BC0BC90C-D519-4336-A42E-B861EE59A925}"},"type":"OpenApiConnection","inputs":{"host":{"apiId":"/providers/Microsoft.PowerApps/apis/shared_excelonlinebusiness","connectionName":"shared_excelonlinebusiness","operationId":"AddRowV2"},"parameters":{"source":"me","drive":"b!kiYlAJ6iGkWy2mhzPddn3rROhT3EhihLvDQD5gRVqb356kLpWqKkQ5yCqhlUskEX","file":"01JOJNFRXWYQAB7FKPDFHLXEJMN2ICUYNO","table":"{BC0BC90C-D519-4336-A42E-B861EE59A925}","item/Email Addresses":"@triggerOutputs()?['body/from']"},"authentication":"@parameters('$authentication')"}}},"runAfter":{"Filter_array":["Succeeded"]},"expression":{"greater":["@length(triggerOutputs()?['body/from'])",0]},"metadata":{"operationMetadataId":"aef89f42-4e73-4d5f-ae14-daf334e977fb"},"type":"If"}}},"connectionReferences":{"shared_excelonlinebusiness":{"connectionName":"shared-excelonlinebu-0068954a-080c-43e3-b959-2fe9c83ab47c","source":"Embedded","id":"/providers/Microsoft.PowerApps/apis/shared_excelonlinebusiness","tier":"NotSpecified","apiName":"excelonlinebusiness"},"shared_office365_1":{"connectionName":"9afb15447c9f4bc397a03cef8a97e22e","source":"Embedded","id":"/providers/Microsoft.PowerApps/apis/shared_office365","tier":"NotSpecified","apiName":"office365"}},"flowFailureAlertSubscribed":false,"isManaged":false}}